postcode_sector,region
E1,London
E2,London
E3,London
E4,London
E5,London
E6,London
E7,London
E8,London
E9,London
E10,London
E11,London
E12,London
E13,London
E14,London
E15,London
E16,London
E17,London
E18,London
E19,London
E20,London
EC1,London
EC2,London
EC3,London
EC4,London
N1,London
N2,London
N3,London
N4,London
N5,London
N6,London
N7,London
N8,London
N9,London
N10,London
N11,London
N12,London
N13,London
N14,London
N15,London
N16,London
N17,London
N18,London
N19,London
N20,London
N21,London
N22,London
NW1,London
NW2,London
NW3,London
NW4,London
NW5,London
NW6,London
NW7,London
NW8,London
NW9,London
NW10,London
NW11,London
SE1,London
SE2,London
SE3,London
SE4,London
SE5,London
SE6,London
SE7,London
SE8,London
SE9,London
SE10,London
SE11,London
SE12,London
SE13,London
SE14,London
SE15,London
SE16,London
SE17,London
SE18,London
SE19,London
SE20,London
SE21,London
SE22,London
SE23,London
SE24,London
SE25,London
SE26,London
SE27,London
SE28,London
SW1,London
SW2,London
SW3,London
SW4,London
SW5,London
SW6,London
SW7,London
SW8,London
SW9,London
SW10,London
SW11,London
SW12,London
SW13,London
SW14,London
SW15,London
SW16,London
SW17,London
SW18,London
SW19,London
SW20,London
W1,London
W2,London
W3,London
W4,London
W5,London
W6,London
W7,London
W8,London
W9,London
W10,London
W11,London
W12,London
W13,London
W14,London
WC1,London
WC2,London
BN1,South East
BN2,South East
BN3,South East
BN4,South East
BN5,South East
BN6,South East
BN7,South East
BN8,South East
BN9,South East
BN10,South East
BN11,South East
BN12,South East
BN13,South East
BN14,South East
BN15,South East
BN16,South East
BN17,South East
BN18,South East
BN19,South East
BN20,South East
BN21,South East
BN22,South East
BN23,South East
BN24,South East
BN25,South East
BN26,South East
BN27,South East
BN28,South East
BN29,South East
BN30,South East
BN31,South East
BN32,South East
BN33,South East
BN34,South East
BN35,South East
BN36,South East
BN37,South East
BN38,South East
BN39,South East
BN40,South East
BN41,South East
BN42,South East
BN43,South East
BN44,South East
BN45,South East
CT1,South East
CT2,South East
CT3,South East
CT4,South East
CT5,South East
CT6,South East
CT7,South East
CT8,South East
CT9,South East
CT10,South East
CT11,South East
CT12,South East
CT13,South East
CT14,South East
CT15,South East
CT16,South East
CT17,South East
CT18,South East
CT19,South East
CT20,South East
CT21,South East
DA1,South East
DA2,South East
DA3,South East
DA4,South East
DA5,South East
DA6,South East
DA7,South East
DA8,South East
DA9,South East
DA10,South East
DA11,South East
DA12,South East
DA13,South East
DA14,South East
DA15,South East
DA16,South East
DA17,South East
DA18,South East
GU1,South East
GU2,South East
GU3,South East
GU4,South East
GU5,South East
GU6,South East
GU7,South East
GU8,South East
GU9,South East
GU10,South East
GU11,South East
GU12,South East
GU13,South East
GU14,South East
GU15,South East
GU16,South East
GU17,South East
GU18,South East
GU19,South East
GU20,South East
GU21,South East
GU22,South East
GU23,South East
GU24,South East
GU25,South East
GU26,South East
GU27,South East
GU28,South East
GU29,South East
GU30,South East
GU31,South East
GU32,South East
GU33,South East
GU34,South East
GU35,South East
GU36,South East
GU37,South East
GU38,South East
GU39,South East
GU40,South East
GU41,South East
GU42,South East
GU43,South East
GU44,South East
GU45,South East
GU46,South East
GU47,South East
GU48,South East
GU49,South East
GU50,South East
GU51,South East
GU52,South East
HP1,South East
HP2,South East
HP3,South East
HP4,South East
HP5,South East
HP6,South East
HP7,South East
HP8,South East
HP9,South East
HP10,South East
HP11,South East
HP12,South East
HP13,South East
HP14,South East
HP15,South East
HP16,South East
HP17,South East
HP18,South East
HP19,South East
HP20,South East
HP21,South East
HP22,South East
HP23,South East
HP24,South East
HP25,South East
HP26,South East
HP27,South East
KT1,South East
KT2,South East
KT3,South East
KT4,South East
KT5,South East
KT6,South East
KT7,South East
KT8,South East
KT9,South East
KT10,South East
KT11,South East
KT12,South East
KT13,South East
KT14,South East
KT15,South East
KT16,South East
KT17,South East
KT18,South East
KT19,South East
KT20,South East
KT21,South East
KT22,South East
KT23,South East
KT24,South East
ME1,South East
ME2,South East
ME3,South East
ME4,South East
ME5,South East
ME6,South East
ME7,South East
ME8,South East
ME9,South East
ME10,South East
ME11,South East
ME12,South East
ME13,South East
ME14,South East
ME15,South East
ME16,South East
ME17,South East
ME18,South East
ME19,South East
ME20,South East
MK1,South East
MK2,South East
MK3,South East
MK4,South East
MK5,South East
MK6,South East
MK7,South East
MK8,South East
MK9,South East
MK10,South East
MK11,South East
MK12,South East
MK13,South East
MK14,South East
MK15,South East
MK16,South East
MK17,South East
MK18,South East
MK19,South East
MK20,South East
MK21,South East
MK22,South East
MK23,South East
MK24,South East
MK25,South East
MK26,South East
MK27,South East
MK28,South East
MK29,South East
MK30,South East
MK31,South East
MK32,South East
MK33,South East
MK34,South East
MK35,South East
MK36,South East
MK37,South East
MK38,South East
MK39,South East
MK40,South East
MK41,South East
MK42,South East
MK43,South East
MK44,South East
MK45,South East
MK46,South East
OX1,South East
OX2,South East
OX3,South East
OX4,South East
OX5,South East
OX6,South East
OX7,South East
OX8,South East
OX9,South East
OX10,South East
OX11,South East
OX12,South East
OX13,South East
OX14,South East
OX15,South East
OX16,South East
OX17,South East
OX18,South East
OX19,South East
OX20,South East
OX21,South East
OX22,South East
OX23,South East
OX24,South East
OX25,South East
OX26,South East
OX27,South East
OX28,South East
OX29,South East
OX30,South East
OX31,South East
OX32,South East
OX33,South East
OX34,South East
OX35,South East
OX36,South East
OX37,South East
OX38,South East
OX39,South East
OX40,South East
OX41,South East
OX42,South East
OX43,South East
OX44,South East
OX45,South East
OX46,South East
OX47,South East
OX48,South East
OX49,South East
PO1,South East
PO2,South East
PO3,South East
PO4,South East
PO5,South East
PO6,South East
PO7,South East
PO8,South East
PO9,South East
PO10,South East
PO11,South East
PO12,South East
PO13,South East
PO14,South East
PO15,South East
PO16,South East
PO17,South East
PO18,South East
PO19,South East
PO20,South East
PO21,South East
PO22,South East
PO23,South East
PO24,South East
PO25,South East
PO26,South East
PO27,South East
PO28,South East
PO29,South East
PO30,South East
PO31,South East
PO32,South East
PO33,South East
PO34,South East
PO35,South East
PO36,South East
PO37,South East
PO38,South East
PO39,South East
PO40,South East
PO41,South East
RG1,South East
RG2,South East
RG3,South East
RG4,South East
RG5,South East
RG6,South East
RG7,South East
RG8,South East
RG9,South East
RG10,South East
RG11,South East
RG12,South East
RG13,South East
RG14,South East
RG15,South East
RG16,South East
RG17,South East
RG18,South East
RG19,South East
RG20,South East
RG21,South East
RG22,South East
RG23,South East
RG24,South East
RG25,South East
RG26,South East
RG27,South East
RG28,South East
RG29,South East
RG30,South East
RG31,South East
RG32,South East
RG33,South East
RG34,South East
RG35,South East
RG36,South East
RG37,South East
RG38,South East
RG39,South East
RG40,South East
RG41,South East
RG42,South East
RG43,South East
RG44,South East
RG45,South East
RH1,South East
RH2,South East
RH3,South East
RH4,South East
RH5,South East
RH6,South East
RH7,South East
RH8,South East
RH9,South East
RH10,South East
RH11,South East
RH12,South East
RH13,South East
RH14,South East
RH15,South East
RH16,South East
RH17,South East
RH18,South East
RH19,South East
RH20,South East
SL0,South East
SL1,South East
SL2,South East
SL3,South East
SL4,South East
SL5,South East
SL6,South East
SL7,South East
SL8,South East
SL9,South East
SN1,South East
SN2,South East
SN3,South East
SN4,South East
SN5,South East
SN6,South East
SN7,South East
SN8,South East
SN9,South East
SN10,South East
SN11,South East
SN12,South East
SN13,South East
SN14,South East
SN15,South East
SN16,South East
SN17,South East
SN18,South East
SN19,South East
SN20,South East
SN21,South East
SN22,South East
SN23,South East
SN24,South East
SN25,South East
SN26,South East
SO14,South East
SO15,South East
SO16,South East
SO17,South East
SO18,South East
SO19,South East
SO20,South East
SO21,South East
SO22,South East
SO23,South East
SO24,South East
SO25,South East
SO26,South East
SO27,South East
SO28,South East
SO29,South East
SO30,South East
SO31,South East
SO32,South East
SO33,South East
SO34,South East
SO35,South East
SO36,South East
SO37,South East
SO38,South East
SO39,South East
SO40,South East
SO41,South East
SO42,South East
SO43,South East
SO44,South East
SO45,South East
SO46,South East
SO47,South East
SO48,South East
SO49,South East
SO50,South East
SO51,South East
SO52,South East
SO53,South East
TN1,South East
TN2,South East
TN3,South East
TN4,South East
TN5,South East
TN6,South East
TN7,South East
TN8,South East
TN9,South East
TN10,South East
TN11,South East
TN12,South East
TN13,South East
TN14,South East
TN15,South East
TN16,South East
TN17,South East
TN18,South East
TN19,South East
TN20,South East
TN21,South East
TN22,South East
TN23,South East
TN24,South East
TN25,South East
TN26,South East
TN27,South East
TN28,South East
TN29,South East
TN30,South East
TN31,South East
TN32,South East
TN33,South East
TN34,South East
TN35,South East
TN36,South East
TN37,South East
TN38,South East
TN39,South East
TN40,South East
TW1,South East
TW2,South East
TW3,South East
TW4,South East
TW5,South East
TW6,South East
TW7,South East
TW8,South East
TW9,South East
TW10,South East
TW11,South East
TW12,South East
TW13,South East
TW14,South East
TW15,South East
TW16,South East
TW17,South East
TW18,South East
TW19,South East
TW20,South East
BA1,South West
BA2,South West
BA3,South West
BA4,South West
BA5,South West
BA6,South West
BA7,South West
BA8,South West
BA9,South West
BA10,South West
BA11,South West
BA12,South West
BA13,South West
BA14,South West
BA15,South West
BA16,South West
BA17,South West
BA18,South West
BA19,South West
BA20,South West
BA21,South West
BA22,South West
BH1,South West
BH2,South West
BH3,South West
BH4,South West
BH5,South West
BH6,South West
BH7,South West
BH8,South West
BH9,South West
BH10,South West
BH11,South West
BH12,South West
BH13,South West
BH14,South West
BH15,South West
BH16,South West
BH17,South West
BH18,South West
BH19,South West
BH20,South West
BH21,South West
BH22,South West
BH23,South West
BH24,South West
BH25,South West
BS1,South West
BS2,South West
BS3,South West
BS4,South West
BS5,South West
BS6,South West
BS7,South West
BS8,South West
BS9,South West
BS10,South West
BS11,South West
BS12,South West
BS13,South West
BS14,South West
BS15,South West
BS16,South West
BS17,South West
BS18,South West
BS19,South West
BS20,South West
BS21,South West
BS22,South West
BS23,South West
BS24,South West
BS25,South West
BS26,South West
BS27,South West
BS28,South West
BS29,South West
BS30,South West
BS31,South West
BS32,South West
BS33,South West
BS34,South West
BS35,South West
BS36,South West
BS37,South West
BS38,South West
BS39,South West
BS40,South West
BS41,South West
BS42,South West
BS43,South West
BS44,South West
BS45,South West
BS46,South West
BS47,South West
BS48,South West
BS49,South West
DT1,South West
DT2,South West
DT3,South West
DT4,South West
DT5,South West
DT6,South West
DT7,South West
DT8,South West
DT9,South West
DT10,South West
DT11,South West
EX1,South West
EX2,South West
EX3,South West
EX4,South West
EX5,South West
EX6,South West
EX7,South West
EX8,South West
EX9,South West
EX10,South West
EX11,South West
EX12,South West
EX13,South West
EX14,South West
EX15,South West
EX16,South West
EX17,South West
EX18,South West
EX19,South West
EX20,South West
EX21,South West
EX22,South West
EX23,South West
EX24,South West
EX25,South West
EX26,South West
EX27,South West
EX28,South West
EX29,South West
EX30,South West
EX31,South West
EX32,South West
EX33,South West
EX34,South West
EX35,South West
EX36,South West
EX37,South West
EX38,South West
EX39,South West
GL1,South West
GL2,South West
GL3,South West
GL4,South West
GL5,South West
GL6,South West
GL7,South West
GL8,South West
GL9,South West
GL10,South West
GL11,South West
GL12,South West
GL13,South West
GL14,South West
GL15,South West
GL16,South West
GL17,South West
GL18,South West
GL19,South West
GL20,South West
GL21,South West
GL22,South West
GL23,South West
GL24,South West
GL25,South West
GL26,South West
GL27,South West
GL28,South West
GL29,South West
GL30,South West
GL31,South West
GL32,South West
GL33,South West
GL34,South West
GL35,South West
GL36,South West
GL37,South West
GL38,South West
GL39,South West
GL40,South West
GL41,South West
GL42,South West
GL43,South West
GL44,South West
GL45,South West
GL46,South West
GL47,South West
GL48,South West
GL49,South West
GL50,South West
GL51,South West
GL52,South West
GL53,South West
GL54,South West
GL55,South West
GL56,South West
PL1,South West
PL2,South West
PL3,South West
PL4,South West
PL5,South West
PL6,South West
PL7,South West
PL8,South West
PL9,South West
PL10,South West
PL11,South West
PL12,South West
PL13,South West
PL14,South West
PL15,South West
PL16,South West
PL17,South West
PL18,South West
PL19,South West
PL20,South West
PL21,South West
PL22,South West
PL23,South West
PL24,South West
PL25,South West
PL26,South West
PL27,South West
PL28,South West
PL29,South West
PL30,South West
PL31,South West
PL32,South West
PL33,South West
PL34,South West
PL35,South West
SP1,South West
SP2,South West
SP3,South West
SP4,South West
SP5,South West
SP6,South West
SP7,South West
SP8,South West
SP9,South West
SP10,South West
SP11,South West
TA1,South West
TA2,South West
TA3,South West
TA4,South West
TA5,South West
TA6,South West
TA7,South West
TA8,South West
TA9,South West
TA10,South West
TA11,South West
TA12,South West
TA13,South West
TA14,South West
TA15,South West
TA16,South West
TA17,South West
TA18,South West
TA19,South West
TA20,South West
TA21,South West
TA22,South West
TA23,South West
TA24,South West
TQ1,South West
TQ2,South West
TQ3,South West
TQ4,South West
TQ5,South West
TQ6,South West
TQ7,South West
TQ8,South West
TQ9,South West
TQ10,South West
TQ11,South West
TQ12,South West
TQ13,South West
TQ14,South West
TR1,South West
TR2,South West
TR3,South West
TR4,South West
TR5,South West
TR6,South West
TR7,South West
TR8,South West
TR9,South West
TR10,South West
TR11,South West
TR12,South West
TR13,South West
TR14,South West
TR15,South West
TR16,South West
TR17,South West
TR18,South West
TR19,South West
TR20,South West
TR21,South West
TR22,South West
TR23,South West
TR24,South West
TR25,South West
TR26,South West
TR27,South West
AL1,East of England
AL2,East of England
AL3,East of England
AL4,East of England
AL5,East of England
AL6,East of England
AL7,East of England
AL8,East of England
AL9,East of England
AL10,East of England
CB1,East of England
CB2,East of England
CB3,East of England
CB4,East of England
CB5,East of England
CB6,East of England
CB7,East of England
CB8,East of England
CB9,East of England
CB10,East of England
CB11,East of England
CB12,East of England
CB13,East of England
CB14,East of England
CB15,East of England
CB16,East of England
CB17,East of England
CB18,East of England
CB19,East of England
CB20,East of England
CB21,East of England
CB22,East of England
CB23,East of England
CB24,East of England
CB25,East of England
CM0,East of England
CM1,East of England
CM2,East of England
CM3,East of England
CM4,East of England
CM5,East of England
CM6,East of England
CM7,East of England
CM8,East of England
CM9,East of England
CM10,East of England
CM11,East of England
CM12,East of England
CM13,East of England
CM14,East of England
CM15,East of England
CM16,East of England
CM17,East of England
CM18,East of England
CM19,East of England
CM20,East of England
CM21,East of England
CM22,East of England
CM23,East of England
CM24,East of England
CO1,East of England
CO2,East of England
CO3,East of England
CO4,East of England
CO5,East of England
CO6,East of England
CO7,East of England
CO8,East of England
CO9,East of England
CO10,East of England
CO11,East of England
CO12,East of England
CO13,East of England
CO14,East of England
CO15,East of England
CO16,East of England
EN1,East of England
EN2,East of England
EN3,East of England
EN4,East of England
EN5,East of England
EN6,East of England
EN7,East of England
EN8,East of England
EN9,East of England
EN10,East of England
EN11,East of England
HA0,East of England
HA1,East of England
HA2,East of England
HA3,East of England
HA4,East of England
HA5,East of England
HA6,East of England
HA7,East of England
HA8,East of England
HA9,East of England
IG1,East of England
IG2,East of England
IG3,East of England
IG4,East of England
IG5,East of England
IG6,East of England
IG7,East of England
IG8,East of England
IG9,East of England
IG10,East of England
IG11,East of England
IP1,East of England
IP2,East of England
IP3,East of England
IP4,East of England
IP5,East of England
IP6,East of England
IP7,East of England
IP8,East of England
IP9,East of England
IP10,East of England
IP11,East of England
IP12,East of England
IP13,East of England
IP14,East of England
IP15,East of England
IP16,East of England
IP17,East of England
IP18,East of England
IP19,East of England
IP20,East of England
IP21,East of England
IP22,East of England
IP23,East of England
IP24,East of England
IP25,East of England
IP26,East of England
IP27,East of England
IP28,East of England
IP29,East of England
IP30,East of England
IP31,East of England
IP32,East of England
IP33,East of England
LU1,East of England
LU2,East of England
LU3,East of England
LU4,East of England
LU5,East of England
LU6,East of England
LU7,East of England
NR1,East of England
NR2,East of England
NR3,East of England
NR4,East of England
NR5,East of England
NR6,East of England
NR7,East of England
NR8,East of England
NR9,East of England
NR10,East of England
NR11,East of England
NR12,East of England
NR13,East of England
NR14,East of England
NR15,East of England
NR16,East of England
NR17,East of England
NR18,East of England
NR19,East of England
NR20,East of England
NR21,East of England
NR22,East of England
NR23,East of England
NR24,East of England
NR25,East of England
NR26,East of England
NR27,East of England
NR28,East of England
NR29,East of England
NR30,East of England
NR31,East of England
NR32,East of England
NR33,East of England
NR34,East of England
NR35,East of England
PE1,East of England
PE2,East of England
PE3,East of England
PE4,East of England
PE5,East of England
PE6,East of England
PE7,East of England
PE8,East of England
PE9,East of England
PE10,East of England
PE11,East of England
PE12,East of England
PE13,East of England
PE14,East of England
PE15,East of England
PE16,East of England
PE17,East of England
PE18,East of England
PE19,East of England
PE20,East of England
PE21,East of England
PE22,East of England
PE23,East of England
PE24,East of England
PE25,East of England
PE26,East of England
PE27,East of England
PE28,East of England
PE29,East of England
PE30,East of England
PE31,East of England
PE32,East of England
PE33,East of England
PE34,East of England
PE35,East of England
PE36,East of England
PE37,East of England
PE38,East of England
RM1,East of England
RM2,East of England
RM3,East of England
RM4,East of England
RM5,East of England
RM6,East of England
RM7,East of England
RM8,East of England
RM9,East of England
RM10,East of England
RM11,East of England
RM12,East of England
RM13,East of England
RM14,East of England
RM15,East of England
RM16,East of England
RM17,East of England
RM18,East of England
RM19,East of England
RM20,East of England
SG1,East of England
SG2,East of England
SG3,East of England
SG4,East of England
SG5,East of England
SG6,East of England
SG7,East of England
SG8,East of England
SG9,East of England
SG10,East of England
SG11,East of England
SG12,East of England
SG13,East of England
SG14,East of England
SG15,East of England
SG16,East of England
SG17,East of England
SG18,East of England
SG19,East of England
SS0,East of England
SS1,East of England
SS2,East of England
SS3,East of England
SS4,East of England
SS5,East of England
SS6,East of England
SS7,East of England
SS8,East of England
SS9,East of England
SS10,East of England
SS11,East of England
SS12,East of England
SS13,East of England
SS14,East of England
SS15,East of England
SS16,East of England
SS17,East of England
UB1,East of England
UB2,East of England
UB3,East of England
UB4,East of England
UB5,East of England
UB6,East of England
UB7,East of England
UB8,East of England
UB9,East of England
UB10,East of England
UB11,East of England
WD1,East of England
WD2,East of England
WD3,East of England
WD4,East of England
WD5,East of England
WD6,East of England
WD7,East of England
WD8,East of England
WD9,East of England
WD10,East of England
WD11,East of England
WD12,East of England
WD13,East of England
WD14,East of England
WD15,East of England
WD16,East of England
WD17,East of England
WD18,East of England
WD19,East of England
WD20,East of England
WD21,East of England
WD22,East of England
WD23,East of England
WD24,East of England
WD25,East of England
B1,West Midlands
B2,West Midlands
B3,West Midlands
B4,West Midlands
B5,West Midlands
B6,West Midlands
B7,West Midlands
B8,West Midlands
B9,West Midlands
B10,West Midlands
B11,West Midlands
B12,West Midlands
B13,West Midlands
B14,West Midlands
B15,West Midlands
B16,West Midlands
B17,West Midlands
B18,West Midlands
B19,West Midlands
B20,West Midlands
B21,West Midlands
B22,West Midlands
B23,West Midlands
B24,West Midlands
B25,West Midlands
B26,West Midlands
B27,West Midlands
B28,West Midlands
B29,West Midlands
B30,West Midlands
B31,West Midlands
B32,West Midlands
B33,West Midlands
B34,West Midlands
B35,West Midlands
B36,West Midlands
B37,West Midlands
B38,West Midlands
B39,West Midlands
B40,West Midlands
B41,West Midlands
B42,West Midlands
B43,West Midlands
B44,West Midlands
B45,West Midlands
B46,West Midlands
B47,West Midlands
B48,West Midlands
B49,West Midlands
B50,West Midlands
B51,West Midlands
B52,West Midlands
B53,West Midlands
B54,West Midlands
B55,West Midlands
B56,West Midlands
B57,West Midlands
B58,West Midlands
B59,West Midlands
B60,West Midlands
B61,West Midlands
B62,West Midlands
B63,West Midlands
B64,West Midlands
B65,West Midlands
B66,West Midlands
B67,West Midlands
B68,West Midlands
B69,West Midlands
B70,West Midlands
B71,West Midlands
B72,West Midlands
B73,West Midlands
B74,West Midlands
B75,West Midlands
B76,West Midlands
B77,West Midlands
B78,West Midlands
B79,West Midlands
B80,West Midlands
B81,West Midlands
B82,West Midlands
B83,West Midlands
B84,West Midlands
B85,West Midlands
B86,West Midlands
B87,West Midlands
B88,West Midlands
B89,West Midlands
B90,West Midlands
B91,West Midlands
B92,West Midlands
B93,West Midlands
B94,West Midlands
B95,West Midlands
B96,West Midlands
B97,West Midlands
B98,West Midlands
CV1,West Midlands
CV2,West Midlands
CV3,West Midlands
CV4,West Midlands
CV5,West Midlands
CV6,West Midlands
CV7,West Midlands
CV8,West Midlands
CV9,West Midlands
CV10,West Midlands
CV11,West Midlands
CV12,West Midlands
CV13,West Midlands
CV14,West Midlands
CV15,West Midlands
CV16,West Midlands
CV17,West Midlands
CV18,West Midlands
CV19,West Midlands
CV20,West Midlands
CV21,West Midlands
CV22,West Midlands
CV23,West Midlands
CV24,West Midlands
CV25,West Midlands
CV26,West Midlands
CV27,West Midlands
CV28,West Midlands
CV29,West Midlands
CV30,West Midlands
CV31,West Midlands
CV32,West Midlands
CV33,West Midlands
CV34,West Midlands
CV35,West Midlands
CV36,West Midlands
CV37,West Midlands
CV38,West Midlands
CV39,West Midlands
CV40,West Midlands
CV41,West Midlands
CV42,West Midlands
CV43,West Midlands
CV44,West Midlands
CV45,West Midlands
CV46,West Midlands
CV47,West Midlands
DY1,West Midlands
DY2,West Midlands
DY3,West Midlands
DY4,West Midlands
DY5,West Midlands
DY6,West Midlands
DY7,West Midlands
DY8,West Midlands
DY9,West Midlands
DY10,West Midlands
DY11,West Midlands
DY12,West Midlands
DY13,West Midlands
DY14,West Midlands
HR1,West Midlands
HR2,West Midlands
HR3,West Midlands
HR4,West Midlands
HR5,West Midlands
HR6,West Midlands
HR7,West Midlands
HR8,West Midlands
HR9,West Midlands
ST1,West Midlands
ST2,West Midlands
ST3,West Midlands
ST4,West Midlands
ST5,West Midlands
ST6,West Midlands
ST7,West Midlands
ST8,West Midlands
ST9,West Midlands
ST10,West Midlands
ST11,West Midlands
ST12,West Midlands
ST13,West Midlands
ST14,West Midlands
ST15,West Midlands
ST16,West Midlands
ST17,West Midlands
ST18,West Midlands
ST19,West Midlands
ST20,West Midlands
ST21,West Midlands
TF1,West Midlands
TF2,West Midlands
TF3,West Midlands
TF4,West Midlands
TF5,West Midlands
TF6,West Midlands
TF7,West Midlands
TF8,West Midlands
TF9,West Midlands
TF10,West Midlands
TF11,West Midlands
TF12,West Midlands
TF13,West Midlands
WR1,West Midlands
WR2,West Midlands
WR3,West Midlands
WR4,West Midlands
WR5,West Midlands
WR6,West Midlands
WR7,West Midlands
WR8,West Midlands
WR9,West Midlands
WR10,West Midlands
WR11,West Midlands
WR12,West Midlands
WR13,West Midlands
WR14,West Midlands
WR15,West Midlands
WS1,West Midlands
WS2,West Midlands
WS3,West Midlands
WS4,West Midlands
WS5,West Midlands
WS6,West Midlands
WS7,West Midlands
WS8,West Midlands
WS9,West Midlands
WS10,West Midlands
WS11,West Midlands
WS12,West Midlands
WS13,West Midlands
WS14,West Midlands
WS15,West Midlands
WV1,West Midlands
WV2,West Midlands
WV3,West Midlands
WV4,West Midlands
WV5,West Midlands
WV6,West Midlands
WV7,West Midlands
WV8,West Midlands
WV9,West Midlands
WV10,West Midlands
WV11,West Midlands
WV12,West Midlands
WV13,West Midlands
WV14,West Midlands
WV15,West Midlands
WV16,West Midlands
DE1,East Midlands
DE2,East Midlands
DE3,East Midlands
DE4,East Midlands
DE5,East Midlands
DE6,East Midlands
DE7,East Midlands
DE8,East Midlands
DE9,East Midlands
DE10,East Midlands
DE11,East Midlands
DE12,East Midlands
DE13,East Midlands
DE14,East Midlands
DE15,East Midlands
DE16,East Midlands
DE17,East Midlands
DE18,East Midlands
DE19,East Midlands
DE20,East Midlands
DE21,East Midlands
DE22,East Midlands
DE23,East Midlands
DE24,East Midlands
DE25,East Midlands
DE26,East Midlands
DE27,East Midlands
DE28,East Midlands
DE29,East Midlands
DE30,East Midlands
DE31,East Midlands
DE32,East Midlands
DE33,East Midlands
DE34,East Midlands
DE35,East Midlands
DE36,East Midlands
DE37,East Midlands
DE38,East Midlands
DE39,East Midlands
DE40,East Midlands
DE41,East Midlands
DE42,East Midlands
DE43,East Midlands
DE44,East Midlands
DE45,East Midlands
DE46,East Midlands
DE47,East Midlands
DE48,East Midlands
DE49,East Midlands
DE50,East Midlands
DE51,East Midlands
DE52,East Midlands
DE53,East Midlands
DE54,East Midlands
DE55,East Midlands
DE56,East Midlands
DE57,East Midlands
DE58,East Midlands
DE59,East Midlands
DE60,East Midlands
DE61,East Midlands
DE62,East Midlands
DE63,East Midlands
DE64,East Midlands
DE65,East Midlands
DE66,East Midlands
DE67,East Midlands
DE68,East Midlands
DE69,East Midlands
DE70,East Midlands
DE71,East Midlands
DE72,East Midlands
DE73,East Midlands
DE74,East Midlands
DE75,East Midlands
LE1,East Midlands
LE2,East Midlands
LE3,East Midlands
LE4,East Midlands
LE5,East Midlands
LE6,East Midlands
LE7,East Midlands
LE8,East Midlands
LE9,East Midlands
LE10,East Midlands
LE11,East Midlands
LE12,East Midlands
LE13,East Midlands
LE14,East Midlands
LE15,East Midlands
LE16,East Midlands
LE17,East Midlands
LE18,East Midlands
LE19,East Midlands
LE20,East Midlands
LE21,East Midlands
LE22,East Midlands
LE23,East Midlands
LE24,East Midlands
LE25,East Midlands
LE26,East Midlands
LE27,East Midlands
LE28,East Midlands
LE29,East Midlands
LE30,East Midlands
LE31,East Midlands
LE32,East Midlands
LE33,East Midlands
LE34,East Midlands
LE35,East Midlands
LE36,East Midlands
LE37,East Midlands
LE38,East Midlands
LE39,East Midlands
LE40,East Midlands
LE41,East Midlands
LE42,East Midlands
LE43,East Midlands
LE44,East Midlands
LE45,East Midlands
LE46,East Midlands
LE47,East Midlands
LE48,East Midlands
LE49,East Midlands
LE50,East Midlands
LE51,East Midlands
LE52,East Midlands
LE53,East Midlands
LE54,East Midlands
LE55,East Midlands
LE56,East Midlands
LE57,East Midlands
LE58,East Midlands
LE59,East Midlands
LE60,East Midlands
LE61,East Midlands
LE62,East Midlands
LE63,East Midlands
LE64,East Midlands
LE65,East Midlands
LE66,East Midlands
LE67,East Midlands
LN1,East Midlands
LN2,East Midlands
LN3,East Midlands
LN4,East Midlands
LN5,East Midlands
LN6,East Midlands
LN7,East Midlands
LN8,East Midlands
LN9,East Midlands
LN10,East Midlands
LN11,East Midlands
LN12,East Midlands
LN13,East Midlands
NG1,East Midlands
NG2,East Midlands
NG3,East Midlands
NG4,East Midlands
NG5,East Midlands
NG6,East Midlands
NG7,East Midlands
NG8,East Midlands
NG9,East Midlands
NG10,East Midlands
NG11,East Midlands
NG12,East Midlands
NG13,East Midlands
NG14,East Midlands
NG15,East Midlands
NG16,East Midlands
NG17,East Midlands
NG18,East Midlands
NG19,East Midlands
NG20,East Midlands
NG21,East Midlands
NG22,East Midlands
NG23,East Midlands
NG24,East Midlands
NG25,East Midlands
NG26,East Midlands
NG27,East Midlands
NG28,East Midlands
NG29,East Midlands
NG30,East Midlands
NG31,East Midlands
NG32,East Midlands
NG33,East Midlands
NG34,East Midlands
NN1,East Midlands
NN2,East Midlands
NN3,East Midlands
NN4,East Midlands
NN5,East Midlands
NN6,East Midlands
NN7,East Midlands
NN8,East Midlands
NN9,East Midlands
NN10,East Midlands
NN11,East Midlands
NN12,East Midlands
NN13,East Midlands
NN14,East Midlands
NN15,East Midlands
NN16,East Midlands
NN17,East Midlands
NN18,East Midlands
NN19,East Midlands
NN20,East Midlands
NN21,East Midlands
NN22,East Midlands
NN23,East Midlands
NN24,East Midlands
NN25,East Midlands
NN26,East Midlands
NN27,East Midlands
NN28,East Midlands
NN29,East Midlands
BB1,North West
BB2,North West
BB3,North West
BB4,North West
BB5,North West
BB6,North West
BB7,North West
BB8,North West
BB9,North West
BB10,North West
BB11,North West
BB12,North West
BB13,North West
BB14,North West
BB15,North West
BB16,North West
BB17,North West
BB18,North West
BL0,North West
BL1,North West
BL2,North West
BL3,North West
BL4,North West
BL5,North West
BL6,North West
BL7,North West
BL8,North West
BL9,North West
CA1,North West
CA2,North West
CA3,North West
CA4,North West
CA5,North West
CA6,North West
CA7,North West
CA8,North West
CA9,North West
CA10,North West
CA11,North West
CA12,North West
CA13,North West
CA14,North West
CA15,North West
CA16,North West
CA17,North West
CA18,North West
CA19,North West
CA20,North West
CA21,North West
CA22,North West
CA23,North West
CA24,North West
CA25,North West
CA26,North West
CA27,North West
CA28,North West
CH1,North West
CH2,North West
CH3,North West
CH4,North West
CH5,North West
CH6,North West
CH7,North West
CH8,North West
CH9,North West
CH10,North West
CH11,North West
CH12,North West
CH13,North West
CH14,North West
CH15,North West
CH16,North West
CH17,North West
CH18,North West
CH19,North West
CH20,North West
CH21,North West
CH22,North West
CH23,North West
CH24,North West
CH25,North West
CH26,North West
CH27,North West
CH28,North West
CH29,North West
CH30,North West
CH31,North West
CH32,North West
CH33,North West
CH34,North West
CH35,North West
CH36,North West
CH37,North West
CH38,North West
CH39,North West
CH40,North West
CH41,North West
CH42,North West
CH43,North West
CH44,North West
CH45,North West
CH46,North West
CH47,North West
CH48,North West
CH49,North West
CH50,North West
CH51,North West
CH52,North West
CH53,North West
CH54,North West
CH55,North West
CH56,North West
CH57,North West
CH58,North West
CH59,North West
CH60,North West
CH61,North West
CH62,North West
CH63,North West
CH64,North West
CH65,North West
CH66,North West
CW1,North West
CW2,North West
CW3,North West
CW4,North West
CW5,North West
CW6,North West
CW7,North West
CW8,North West
CW9,North West
CW10,North West
CW11,North West
CW12,North West
FY0,North West
FY1,North West
FY2,North West
FY3,North West
FY4,North West
FY5,North West
FY6,North West
FY7,North West
FY8,North West
L1,North West
L2,North West
L3,North West
L4,North West
L5,North West
L6,North West
L7,North West
L8,North West
L9,North West
L10,North West
L11,North West
L12,North West
L13,North West
L14,North West
L15,North West
L16,North West
L17,North West
L18,North West
L19,North West
L20,North West
L21,North West
L22,North West
L23,North West
L24,North West
L25,North West
L26,North West
L27,North West
L28,North West
L29,North West
L30,North West
L31,North West
L32,North West
L33,North West
L34,North West
L35,North West
L36,North West
L37,North West
L38,North West
L39,North West
L40,North West
LA1,North West
LA2,North West
LA3,North West
LA4,North West
LA5,North West
LA6,North West
LA7,North West
LA8,North West
LA9,North West
LA10,North West
LA11,North West
LA12,North West
LA13,North West
LA14,North West
LA15,North West
LA16,North West
LA17,North West
LA18,North West
LA19,North West
LA20,North West
LA21,North West
LA22,North West
LA23,North West
M1,North West
M2,North West
M3,North West
M4,North West
M5,North West
M6,North West
M7,North West
M8,North West
M9,North West
M10,North West
M11,North West
M12,North West
M13,North West
M14,North West
M15,North West
M16,North West
M17,North West
M18,North West
M19,North West
M20,North West
M21,North West
M22,North West
M23,North West
M24,North West
M25,North West
M26,North West
M27,North West
M28,North West
M29,North West
M30,North West
M31,North West
M32,North West
M33,North West
M34,North West
M35,North West
M36,North West
M37,North West
M38,North West
M39,North West
M40,North West
M41,North West
M42,North West
M43,North West
M44,North West
M45,North West
M46,North West
M47,North West
M48,North West
M49,North West
M50,North West
M51,North West
M52,North West
M53,North West
M54,North West
M55,North West
M56,North West
M57,North West
M58,North West
M59,North West
M60,North West
OL1,North West
OL2,North West
OL3,North West
OL4,North West
OL5,North West
OL6,North West
OL7,North West
OL8,North West
OL9,North West
OL10,North West
OL11,North West
OL12,North West
OL13,North West
OL14,North West
OL15,North West
OL16,North West
PR0,North West
PR1,North West
PR2,North West
PR3,North West
PR4,North West
PR5,North West
PR6,North West
PR7,North West
PR8,North West
PR9,North West
PR10,North West
PR11,North West
PR12,North West
PR13,North West
PR14,North West
PR15,North West
PR16,North West
PR17,North West
PR18,North West
PR19,North West
PR20,North West
PR21,North West
PR22,North West
PR23,North West
PR24,North West
PR25,North West
PR26,North West
SK1,North West
SK2,North West
SK3,North West
SK4,North West
SK5,North West
SK6,North West
SK7,North West
SK8,North West
SK9,North West
SK10,North West
SK11,North West
SK12,North West
SK13,North West
SK14,North West
SK15,North West
SK16,North West
SK17,North West
SK18,North West
SK19,North West
SK20,North West
SK21,North West
SK22,North West
SK23,North West
WA1,North West
WA2,North West
WA3,North West
WA4,North West
WA5,North West
WA6,North West
WA7,North West
WA8,North West
WA9,North West
WA10,North West
WA11,North West
WA12,North West
WA13,North West
WA14,North West
WA15,North West
WA16,North West
WN1,North West
WN2,North West
WN3,North West
WN4,North West
WN5,North West
WN6,North West
WN7,North West
WN8,North West
BD1,Yorkshire and the Humber
BD2,Yorkshire and the Humber
BD3,Yorkshire and the Humber
BD4,Yorkshire and the Humber
BD5,Yorkshire and the Humber
BD6,Yorkshire and the Humber
BD7,Yorkshire and the Humber
BD8,Yorkshire and the Humber
BD9,Yorkshire and the Humber
BD10,Yorkshire and the Humber
BD11,Yorkshire and the Humber
BD12,Yorkshire and the Humber
BD13,Yorkshire and the Humber
BD14,Yorkshire and the Humber
BD15,Yorkshire and the Humber
BD16,Yorkshire and the Humber
BD17,Yorkshire and the Humber
BD18,Yorkshire and the Humber
BD19,Yorkshire and the Humber
BD20,Yorkshire and the Humber
BD21,Yorkshire and the Humber
BD22,Yorkshire and the Humber
BD23,Yorkshire and the Humber
BD24,Yorkshire and the Humber
DN1,Yorkshire and the Humber
DN2,Yorkshire and the Humber
DN3,Yorkshire and the Humber
DN4,Yorkshire and the Humber
DN5,Yorkshire and the Humber
DN6,Yorkshire and the Humber
DN7,Yorkshire and the Humber
DN8,Yorkshire and the Humber
DN9,Yorkshire and the Humber
DN10,Yorkshire and the Humber
DN11,Yorkshire and the Humber
DN12,Yorkshire and the Humber
DN13,Yorkshire and the Humber
DN14,Yorkshire and the Humber
DN15,Yorkshire and the Humber
DN16,Yorkshire and the Humber
DN17,Yorkshire and the Humber
DN18,Yorkshire and the Humber
DN19,Yorkshire and the Humber
DN20,Yorkshire and the Humber
DN21,Yorkshire and the Humber
DN22,Yorkshire and the Humber
HD1,Yorkshire and the Humber
HD2,Yorkshire and the Humber
HD3,Yorkshire and the Humber
HD4,Yorkshire and the Humber
HD5,Yorkshire and the Humber
HD6,Yorkshire and the Humber
HD7,Yorkshire and the Humber
HD8,Yorkshire and the Humber
HD9,Yorkshire and the Humber
HG1,Yorkshire and the Humber
HG2,Yorkshire and the Humber
HG3,Yorkshire and the Humber
HG4,Yorkshire and the Humber
HG5,Yorkshire and the Humber
HU1,Yorkshire and the Humber
HU2,Yorkshire and the Humber
HU3,Yorkshire and the Humber
HU4,Yorkshire and the Humber
HU5,Yorkshire and the Humber
HU6,Yorkshire and the Humber
HU7,Yorkshire and the Humber
HU8,Yorkshire and the Humber
HU9,Yorkshire and the Humber
HU10,Yorkshire and the Humber
HU11,Yorkshire and the Humber
HU12,Yorkshire and the Humber
HU13,Yorkshire and the Humber
HU14,Yorkshire and the Humber
HU15,Yorkshire and the Humber
HU16,Yorkshire and the Humber
HU17,Yorkshire and the Humber
HU18,Yorkshire and the Humber
HU19,Yorkshire and the Humber
HU20,Yorkshire and the Humber
HX1,Yorkshire and the Humber
HX2,Yorkshire and the Humber
HX3,Yorkshire and the Humber
HX4,Yorkshire and the Humber
HX5,Yorkshire and the Humber
HX6,Yorkshire and the Humber
HX7,Yorkshire and the Humber
LS1,Yorkshire and the Humber
LS2,Yorkshire and the Humber
LS3,Yorkshire and the Humber
LS4,Yorkshire and the Humber
LS5,Yorkshire and the Humber
LS6,Yorkshire and the Humber
LS7,Yorkshire and the Humber
LS8,Yorkshire and the Humber
LS9,Yorkshire and the Humber
LS10,Yorkshire and the Humber
LS11,Yorkshire and the Humber
LS12,Yorkshire and the Humber
LS13,Yorkshire and the Humber
LS14,Yorkshire and the Humber
LS15,Yorkshire and the Humber
LS16,Yorkshire and the Humber
LS17,Yorkshire and the Humber
LS18,Yorkshire and the Humber
LS19,Yorkshire and the Humber
LS20,Yorkshire and the Humber
LS21,Yorkshire and the Humber
LS22,Yorkshire and the Humber
LS23,Yorkshire and the Humber
LS24,Yorkshire and the Humber
LS25,Yorkshire and the Humber
LS26,Yorkshire and the Humber
LS27,Yorkshire and the Humber
LS28,Yorkshire and the Humber
LS29,Yorkshire and the Humber
S1,Yorkshire and the Humber
S2,Yorkshire and the Humber
S3,Yorkshire and the Humber
S4,Yorkshire and the Humber
S5,Yorkshire and the Humber
S6,Yorkshire and the Humber
S7,Yorkshire and the Humber
S8,Yorkshire and the Humber
S9,Yorkshire and the Humber
S10,Yorkshire and the Humber
S11,Yorkshire and the Humber
S12,Yorkshire and the Humber
S13,Yorkshire and the Humber
S14,Yorkshire and the Humber
S15,Yorkshire and the Humber
S16,Yorkshire and the Humber
S17,Yorkshire and the Humber
S18,Yorkshire and the Humber
S19,Yorkshire and the Humber
S20,Yorkshire and the Humber
S21,Yorkshire and the Humber
S22,Yorkshire and the Humber
S23,Yorkshire and the Humber
S24,Yorkshire and the Humber
S25,Yorkshire and the Humber
S26,Yorkshire and the Humber
S27,Yorkshire and the Humber
S28,Yorkshire and the Humber
S29,Yorkshire and the Humber
S30,Yorkshire and the Humber
S31,Yorkshire and the Humber
S32,Yorkshire and the Humber
S33,Yorkshire and the Humber
S34,Yorkshire and the Humber
S35,Yorkshire and the Humber
S36,Yorkshire and the Humber
S37,Yorkshire and the Humber
S38,Yorkshire and the Humber
S39,Yorkshire and the Humber
S40,Yorkshire and the Humber
S41,Yorkshire and the Humber
S42,Yorkshire and the Humber
S43,Yorkshire and the Humber
S44,Yorkshire and the Humber
S45,Yorkshire and the Humber
S46,Yorkshire and the Humber
S47,Yorkshire and the Humber
S48,Yorkshire and the Humber
S49,Yorkshire and the Humber
S50,Yorkshire and the Humber
S51,Yorkshire and the Humber
S52,Yorkshire and the Humber
S53,Yorkshire and the Humber
S54,Yorkshire and the Humber
S55,Yorkshire and the Humber
S56,Yorkshire and the Humber
S57,Yorkshire and the Humber
S58,Yorkshire and the Humber
S59,Yorkshire and the Humber
S60,Yorkshire and the Humber
S61,Yorkshire and the Humber
S62,Yorkshire and the Humber
S63,Yorkshire and the Humber
S64,Yorkshire and the Humber
S65,Yorkshire and the Humber
S66,Yorkshire and the Humber
S67,Yorkshire and the Humber
S68,Yorkshire and the Humber
S69,Yorkshire and the Humber
S70,Yorkshire and the Humber
S71,Yorkshire and the Humber
S72,Yorkshire and the Humber
S73,Yorkshire and the Humber
S74,Yorkshire and the Humber
S75,Yorkshire and the Humber
WF1,Yorkshire and the Humber
WF2,Yorkshire and the Humber
WF3,Yorkshire and the Humber
WF4,Yorkshire and the Humber
WF5,Yorkshire and the Humber
WF6,Yorkshire and the Humber
WF7,Yorkshire and the Humber
WF8,Yorkshire and the Humber
WF9,Yorkshire and the Humber
WF10,Yorkshire and the Humber
WF11,Yorkshire and the Humber
WF12,Yorkshire and the Humber
WF13,Yorkshire and the Humber
WF14,Yorkshire and the Humber
WF15,Yorkshire and the Humber
WF16,Yorkshire and the Humber
WF17,Yorkshire and the Humber
YO1,Yorkshire and the Humber
YO2,Yorkshire and the Humber
YO3,Yorkshire and the Humber
YO4,Yorkshire and the Humber
YO5,Yorkshire and the Humber
YO6,Yorkshire and the Humber
YO7,Yorkshire and the Humber
YO8,Yorkshire and the Humber
YO9,Yorkshire and the Humber
YO10,Yorkshire and the Humber
YO11,Yorkshire and the Humber
YO12,Yorkshire and the Humber
YO13,Yorkshire and the Humber
YO14,Yorkshire and the Humber
YO15,Yorkshire and the Humber
YO16,Yorkshire and the Humber
YO17,Yorkshire and the Humber
YO18,Yorkshire and the Humber
YO19,Yorkshire and the Humber
YO20,Yorkshire and the Humber
YO21,Yorkshire and the Humber
YO22,Yorkshire and the Humber
YO23,Yorkshire and the Humber
YO24,Yorkshire and the Humber
YO25,Yorkshire and the Humber
YO26,Yorkshire and the Humber
YO27,Yorkshire and the Humber
YO28,Yorkshire and the Humber
YO29,Yorkshire and the Humber
YO30,Yorkshire and the Humber
YO31,Yorkshire and the Humber
YO32,Yorkshire and the Humber
YO33,Yorkshire and the Humber
YO34,Yorkshire and the Humber
YO35,Yorkshire and the Humber
YO36,Yorkshire and the Humber
YO37,Yorkshire and the Humber
YO38,Yorkshire and the Humber
YO39,Yorkshire and the Humber
YO40,Yorkshire and the Humber
YO41,Yorkshire and the Humber
YO42,Yorkshire and the Humber
YO43,Yorkshire and the Humber
YO44,Yorkshire and the Humber
YO45,Yorkshire and the Humber
YO46,Yorkshire and the Humber
YO47,Yorkshire and the Humber
YO48,Yorkshire and the Humber
YO49,Yorkshire and the Humber
YO50,Yorkshire and the Humber
YO51,Yorkshire and the Humber
YO52,Yorkshire and the Humber
YO53,Yorkshire and the Humber
YO54,Yorkshire and the Humber
YO55,Yorkshire and the Humber
YO56,Yorkshire and the Humber
YO57,Yorkshire and the Humber
YO58,Yorkshire and the Humber
YO59,Yorkshire and the Humber
YO60,Yorkshire and the Humber
YO61,Yorkshire and the Humber
YO62,Yorkshire and the Humber
DH1,North East
DH2,North East
DH3,North East
DH4,North East
DH5,North East
DH6,North East
DH7,North East
DH8,North East
DH9,North East
DL1,North East
DL2,North East
DL3,North East
DL4,North East
DL5,North East
DL6,North East
DL7,North East
DL8,North East
DL9,North East
DL10,North East
DL11,North East
DL12,North East
DL13,North East
DL14,North East
DL15,North East
DL16,North East
DL17,North East
NE1,North East
NE2,North East
NE3,North East
NE4,North East
NE5,North East
NE6,North East
NE7,North East
NE8,North East
NE9,North East
NE10,North East
NE11,North East
NE12,North East
NE13,North East
NE14,North East
NE15,North East
NE16,North East
NE17,North East
NE18,North East
NE19,North East
NE20,North East
NE21,North East
NE22,North East
NE23,North East
NE24,North East
NE25,North East
NE26,North East
NE27,North East
NE28,North East
NE29,North East
NE30,North East
NE31,North East
NE32,North East
NE33,North East
NE34,North East
NE35,North East
NE36,North East
NE37,North East
NE38,North East
NE39,North East
NE40,North East
NE41,North East
NE42,North East
NE43,North East
NE44,North East
NE45,North East
NE46,North East
NE47,North East
NE48,North East
NE49,North East
NE50,North East
NE51,North East
NE52,North East
NE53,North East
NE54,North East
NE55,North East
NE56,North East
NE57,North East
NE58,North East
NE59,North East
NE60,North East
NE61,North East
NE62,North East
NE63,North East
NE64,North East
NE65,North East
NE66,North East
NE67,North East
NE68,North East
NE69,North East
NE70,North East
NE71,North East
SR1,North East
SR2,North East
SR3,North East
SR4,North East
SR5,North East
SR6,North East
SR7,North East
SR8,North East
TS1,North East
TS2,North East
TS3,North East
TS4,North East
TS5,North East
TS6,North East
TS7,North East
TS8,North East
TS9,North East
TS10,North East
TS11,North East
TS12,North East
TS13,North East
TS14,North East
TS15,North East
TS16,North East
TS17,North East
TS18,North East
TS19,North East
TS20,North East
TS21,North East
TS22,North East
TS23,North East
TS24,North East
TS25,North East
TS26,North East
TS27,North East
TS28,North East
TS29,North East
CF1,Wales
CF2,Wales
CF3,Wales
CF4,Wales
CF5,Wales
CF6,Wales
CF7,Wales
CF8,Wales
CF9,Wales
CF10,Wales
CF11,Wales
CF12,Wales
CF13,Wales
CF14,Wales
CF15,Wales
CF16,Wales
CF17,Wales
CF18,Wales
CF19,Wales
CF20,Wales
CF21,Wales
CF22,Wales
CF23,Wales
CF24,Wales
CF25,Wales
CF26,Wales
CF27,Wales
CF28,Wales
CF29,Wales
CF30,Wales
CF31,Wales
CF32,Wales
CF33,Wales
CF34,Wales
CF35,Wales
CF36,Wales
CF37,Wales
CF38,Wales
CF39,Wales
CF40,Wales
CF41,Wales
CF42,Wales
CF43,Wales
CF44,Wales
CF45,Wales
CF46,Wales
CF47,Wales
CF48,Wales
CF49,Wales
CF50,Wales
CF51,Wales
CF52,Wales
CF53,Wales
CF54,Wales
CF55,Wales
CF56,Wales
CF57,Wales
CF58,Wales
CF59,Wales
CF60,Wales
CF61,Wales
CF62,Wales
CF63,Wales
CF64,Wales
CF65,Wales
CF66,Wales
CF67,Wales
CF68,Wales
CF69,Wales
CF70,Wales
CF71,Wales
CF72,Wales
CF73,Wales
CF74,Wales
CF75,Wales
CF76,Wales
CF77,Wales
CF78,Wales
CF79,Wales
CF80,Wales
CF81,Wales
CF82,Wales
CF83,Wales
LD1,Wales
LD2,Wales
LD3,Wales
LD4,Wales
LD5,Wales
LD6,Wales
LD7,Wales
LD8,Wales
LL1,Wales
LL2,Wales
LL3,Wales
LL4,Wales
LL5,Wales
LL6,Wales
LL7,Wales
LL8,Wales
LL9,Wales
LL10,Wales
LL11,Wales
LL12,Wales
LL13,Wales
LL14,Wales
LL15,Wales
LL16,Wales
LL17,Wales
LL18,Wales
LL19,Wales
LL20,Wales
LL21,Wales
LL22,Wales
LL23,Wales
LL24,Wales
LL25,Wales
LL26,Wales
LL27,Wales
LL28,Wales
LL29,Wales
LL30,Wales
LL31,Wales
LL32,Wales
LL33,Wales
LL34,Wales
LL35,Wales
LL36,Wales
LL37,Wales
LL38,Wales
LL39,Wales
LL40,Wales
LL41,Wales
LL42,Wales
LL43,Wales
LL44,Wales
LL45,Wales
LL46,Wales
LL47,Wales
LL48,Wales
LL49,Wales
LL50,Wales
LL51,Wales
LL52,Wales
LL53,Wales
LL54,Wales
LL55,Wales
LL56,Wales
LL57,Wales
LL58,Wales
LL59,Wales
LL60,Wales
LL61,Wales
LL62,Wales
LL63,Wales
LL64,Wales
LL65,Wales
LL66,Wales
LL67,Wales
LL68,Wales
LL69,Wales
LL70,Wales
LL71,Wales
LL72,Wales
LL73,Wales
LL74,Wales
LL75,Wales
LL76,Wales
LL77,Wales
LL78,Wales
NP1,Wales
NP2,Wales
NP3,Wales
NP4,Wales
NP5,Wales
NP6,Wales
NP7,Wales
NP8,Wales
NP9,Wales
NP10,Wales
NP11,Wales
NP12,Wales
NP13,Wales
NP14,Wales
NP15,Wales
NP16,Wales
NP17,Wales
NP18,Wales
NP19,Wales
NP20,Wales
NP21,Wales
NP22,Wales
NP23,Wales
NP24,Wales
NP25,Wales
NP26,Wales
NP27,Wales
NP28,Wales
NP29,Wales
NP30,Wales
NP31,Wales
NP32,Wales
NP33,Wales
NP34,Wales
NP35,Wales
NP36,Wales
NP37,Wales
NP38,Wales
NP39,Wales
NP40,Wales
NP41,Wales
NP42,Wales
NP43,Wales
NP44,Wales
SA1,Wales
SA2,Wales
SA3,Wales
SA4,Wales
SA5,Wales
SA6,Wales
SA7,Wales
SA8,Wales
SA9,Wales
SA10,Wales
SA11,Wales
SA12,Wales
SA13,Wales
SA14,Wales
SA15,Wales
SA16,Wales
SA17,Wales
SA18,Wales
SA19,Wales
SA20,Wales
SA21,Wales
SA22,Wales
SA23,Wales
SA24,Wales
SA25,Wales
SA26,Wales
SA27,Wales
SA28,Wales
SA29,Wales
SA30,Wales
SA31,Wales
SA32,Wales
SA33,Wales
SA34,Wales
SA35,Wales
SA36,Wales
SA37,Wales
SA38,Wales
SA39,Wales
SA40,Wales
SA41,Wales
SA42,Wales
SA43,Wales
SA44,Wales
SA45,Wales
SA46,Wales
SA47,Wales
SA48,Wales
SA49,Wales
SA50,Wales
SA51,Wales
SA52,Wales
SA53,Wales
SA54,Wales
SA55,Wales
SA56,Wales
SA57,Wales
SA58,Wales
SA59,Wales
SA60,Wales
SA61,Wales
SA62,Wales
SA63,Wales
SA64,Wales
SA65,Wales
SA66,Wales
SA67,Wales
SA68,Wales
SA69,Wales
SA70,Wales
SA71,Wales
SA72,Wales
SA73,Wales
SY1,Wales
SY2,Wales
SY3,Wales
SY4,Wales
SY5,Wales
SY6,Wales
SY7,Wales
SY8,Wales
SY9,Wales
SY10,Wales
SY11,Wales
SY12,Wales
SY13,Wales
SY14,Wales
SY15,Wales
SY16,Wales
SY17,Wales
SY18,Wales
SY19,Wales
SY20,Wales
SY21,Wales
SY22,Wales
SY23,Wales
SY24,Wales
SY25,Wales
AB1,Scotland
AB2,Scotland
AB3,Scotland
AB4,Scotland
AB5,Scotland
AB6,Scotland
AB7,Scotland
AB8,Scotland
AB9,Scotland
AB10,Scotland
AB11,Scotland
AB12,Scotland
AB13,Scotland
AB14,Scotland
AB15,Scotland
AB16,Scotland
AB17,Scotland
AB18,Scotland
AB19,Scotland
AB20,Scotland
AB21,Scotland
AB22,Scotland
AB23,Scotland
AB24,Scotland
AB25,Scotland
AB26,Scotland
AB27,Scotland
AB28,Scotland
AB29,Scotland
AB30,Scotland
AB31,Scotland
AB32,Scotland
AB33,Scotland
AB34,Scotland
AB35,Scotland
AB36,Scotland
AB37,Scotland
AB38,Scotland
AB39,Scotland
AB40,Scotland
AB41,Scotland
AB42,Scotland
AB43,Scotland
AB44,Scotland
AB45,Scotland
AB46,Scotland
AB47,Scotland
AB48,Scotland
AB49,Scotland
AB50,Scotland
AB51,Scotland
AB52,Scotland
AB53,Scotland
AB54,Scotland
AB55,Scotland
AB56,Scotland
DD1,Scotland
DD2,Scotland
DD3,Scotland
DD4,Scotland
DD5,Scotland
DD6,Scotland
DD7,Scotland
DD8,Scotland
DD9,Scotland
DD10,Scotland
DD11,Scotland
DG1,Scotland
DG2,Scotland
DG3,Scotland
DG4,Scotland
DG5,Scotland
DG6,Scotland
DG7,Scotland
DG8,Scotland
DG9,Scotland
DG10,Scotland
DG11,Scotland
DG12,Scotland
DG13,Scotland
DG14,Scotland
DG15,Scotland
DG16,Scotland
EH1,Scotland
EH2,Scotland
EH3,Scotland
EH4,Scotland
EH5,Scotland
EH6,Scotland
EH7,Scotland
EH8,Scotland
EH9,Scotland
EH10,Scotland
EH11,Scotland
EH12,Scotland
EH13,Scotland
EH14,Scotland
EH15,Scotland
EH16,Scotland
EH17,Scotland
EH18,Scotland
EH19,Scotland
EH20,Scotland
EH21,Scotland
EH22,Scotland
EH23,Scotland
EH24,Scotland
EH25,Scotland
EH26,Scotland
EH27,Scotland
EH28,Scotland
EH29,Scotland
EH30,Scotland
EH31,Scotland
EH32,Scotland
EH33,Scotland
EH34,Scotland
EH35,Scotland
EH36,Scotland
EH37,Scotland
EH38,Scotland
EH39,Scotland
EH40,Scotland
EH41,Scotland
EH42,Scotland
EH43,Scotland
EH44,Scotland
EH45,Scotland
EH46,Scotland
EH47,Scotland
EH48,Scotland
EH49,Scotland
EH50,Scotland
EH51,Scotland
EH52,Scotland
EH53,Scotland
EH54,Scotland
EH55,Scotland
FK1,Scotland
FK2,Scotland
FK3,Scotland
FK4,Scotland
FK5,Scotland
FK6,Scotland
FK7,Scotland
FK8,Scotland
FK9,Scotland
FK10,Scotland
FK11,Scotland
FK12,Scotland
FK13,Scotland
FK14,Scotland
FK15,Scotland
FK16,Scotland
FK17,Scotland
FK18,Scotland
FK19,Scotland
FK20,Scotland
FK21,Scotland
G1,Scotland
G2,Scotland
G3,Scotland
G4,Scotland
G5,Scotland
G6,Scotland
G7,Scotland
G8,Scotland
G9,Scotland
G10,Scotland
G11,Scotland
G12,Scotland
G13,Scotland
G14,Scotland
G15,Scotland
G16,Scotland
G17,Scotland
G18,Scotland
G19,Scotland
G20,Scotland
G21,Scotland
G22,Scotland
G23,Scotland
G24,Scotland
G25,Scotland
G26,Scotland
G27,Scotland
G28,Scotland
G29,Scotland
G30,Scotland
G31,Scotland
G32,Scotland
G33,Scotland
G34,Scotland
G35,Scotland
G36,Scotland
G37,Scotland
G38,Scotland
G39,Scotland
G40,Scotland
G41,Scotland
G42,Scotland
G43,Scotland
G44,Scotland
G45,Scotland
G46,Scotland
G47,Scotland
G48,Scotland
G49,Scotland
G50,Scotland
G51,Scotland
G52,Scotland
G53,Scotland
G54,Scotland
G55,Scotland
G56,Scotland
G57,Scotland
G58,Scotland
G59,Scotland
G60,Scotland
G61,Scotland
G62,Scotland
G63,Scotland
G64,Scotland
G65,Scotland
G66,Scotland
G67,Scotland
G68,Scotland
G69,Scotland
G70,Scotland
G71,Scotland
G72,Scotland
G73,Scotland
G74,Scotland
G75,Scotland
G76,Scotland
G77,Scotland
G78,Scotland
G79,Scotland
G80,Scotland
G81,Scotland
G82,Scotland
G83,Scotland
G84,Scotland
HS1,Scotland
HS2,Scotland
HS3,Scotland
HS4,Scotland
HS5,Scotland
HS6,Scotland
HS7,Scotland
HS8,Scotland
HS9,Scotland
IV1,Scotland
IV2,Scotland
IV3,Scotland
IV4,Scotland
IV5,Scotland
IV6,Scotland
IV7,Scotland
IV8,Scotland
IV9,Scotland
IV10,Scotland
IV11,Scotland
IV12,Scotland
IV13,Scotland
IV14,Scotland
IV15,Scotland
IV16,Scotland
IV17,Scotland
IV18,Scotland
IV19,Scotland
IV20,Scotland
IV21,Scotland
IV22,Scotland
IV23,Scotland
IV24,Scotland
IV25,Scotland
IV26,Scotland
IV27,Scotland
IV28,Scotland
IV29,Scotland
IV30,Scotland
IV31,Scotland
IV32,Scotland
IV33,Scotland
IV34,Scotland
IV35,Scotland
IV36,Scotland
IV37,Scotland
IV38,Scotland
IV39,Scotland
IV40,Scotland
IV41,Scotland
IV42,Scotland
IV43,Scotland
IV44,Scotland
IV45,Scotland
IV46,Scotland
IV47,Scotland
IV48,Scotland
IV49,Scotland
IV50,Scotland
IV51,Scotland
IV52,Scotland
IV53,Scotland
IV54,Scotland
IV55,Scotland
IV56,Scotland
IV57,Scotland
IV58,Scotland
IV59,Scotland
IV60,Scotland
IV61,Scotland
IV62,Scotland
IV63,Scotland
KA1,Scotland
KA2,Scotland
KA3,Scotland
KA4,Scotland
KA5,Scotland
KA6,Scotland
KA7,Scotland
KA8,Scotland
KA9,Scotland
KA10,Scotland
KA11,Scotland
KA12,Scotland
KA13,Scotland
KA14,Scotland
KA15,Scotland
KA16,Scotland
KA17,Scotland
KA18,Scotland
KA19,Scotland
KA20,Scotland
KA21,Scotland
KA22,Scotland
KA23,Scotland
KA24,Scotland
KA25,Scotland
KA26,Scotland
KA27,Scotland
KA28,Scotland
KA29,Scotland
KA30,Scotland
KW1,Scotland
KW2,Scotland
KW3,Scotland
KW4,Scotland
KW5,Scotland
KW6,Scotland
KW7,Scotland
KW8,Scotland
KW9,Scotland
KW10,Scotland
KW11,Scotland
KW12,Scotland
KW13,Scotland
KW14,Scotland
KW15,Scotland
KW16,Scotland
KW17,Scotland
KY1,Scotland
KY2,Scotland
KY3,Scotland
KY4,Scotland
KY5,Scotland
KY6,Scotland
KY7,Scotland
KY8,Scotland
KY9,Scotland
KY10,Scotland
KY11,Scotland
KY12,Scotland
KY13,Scotland
KY14,Scotland
KY15,Scotland
KY16,Scotland
ML1,Scotland
ML2,Scotland
ML3,Scotland
ML4,Scotland
ML5,Scotland
ML6,Scotland
ML7,Scotland
ML8,Scotland
ML9,Scotland
ML10,Scotland
ML11,Scotland
ML12,Scotland
PA1,Scotland
PA2,Scotland
PA3,Scotland
PA4,Scotland
PA5,Scotland
PA6,Scotland
PA7,Scotland
PA8,Scotland
PA9,Scotland
PA10,Scotland
PA11,Scotland
PA12,Scotland
PA13,Scotland
PA14,Scotland
PA15,Scotland
PA16,Scotland
PA17,Scotland
PA18,Scotland
PA19,Scotland
PA20,Scotland
PA21,Scotland
PA22,Scotland
PA23,Scotland
PA24,Scotland
PA25,Scotland
PA26,Scotland
PA27,Scotland
PA28,Scotland
PA29,Scotland
PA30,Scotland
PA31,Scotland
PA32,Scotland
PA33,Scotland
PA34,Scotland
PA35,Scotland
PA36,Scotland
PA37,Scotland
PA38,Scotland
PA39,Scotland
PA40,Scotland
PA41,Scotland
PA42,Scotland
PA43,Scotland
PA44,Scotland
PA45,Scotland
PA46,Scotland
PA47,Scotland
PA48,Scotland
PA49,Scotland
PA50,Scotland
PA51,Scotland
PA52,Scotland
PA53,Scotland
PA54,Scotland
PA55,Scotland
PA56,Scotland
PA57,Scotland
PA58,Scotland
PA59,Scotland
PA60,Scotland
PA61,Scotland
PA62,Scotland
PA63,Scotland
PA64,Scotland
PA65,Scotland
PA66,Scotland
PA67,Scotland
PA68,Scotland
PA69,Scotland
PA70,Scotland
PA71,Scotland
PA72,Scotland
PA73,Scotland
PA74,Scotland
PA75,Scotland
PA76,Scotland
PA77,Scotland
PA78,Scotland
PH1,Scotland
PH2,Scotland
PH3,Scotland
PH4,Scotland
PH5,Scotland
PH6,Scotland
PH7,Scotland
PH8,Scotland
PH9,Scotland
PH10,Scotland
PH11,Scotland
PH12,Scotland
PH13,Scotland
PH14,Scotland
PH15,Scotland
PH16,Scotland
PH17,Scotland
PH18,Scotland
PH19,Scotland
PH20,Scotland
PH21,Scotland
PH22,Scotland
PH23,Scotland
PH24,Scotland
PH25,Scotland
PH26,Scotland
PH27,Scotland
PH28,Scotland
PH29,Scotland
PH30,Scotland
PH31,Scotland
PH32,Scotland
PH33,Scotland
PH34,Scotland
PH35,Scotland
PH36,Scotland
PH37,Scotland
PH38,Scotland
PH39,Scotland
PH40,Scotland
PH41,Scotland
PH42,Scotland
PH43,Scotland
PH44,Scotland
PH45,Scotland
PH46,Scotland
PH47,Scotland
PH48,Scotland
PH49,Scotland
PH50,Scotland
TD1,Scotland
TD2,Scotland
TD3,Scotland
TD4,Scotland
TD5,Scotland
TD6,Scotland
TD7,Scotland
TD8,Scotland
TD9,Scotland
TD10,Scotland
TD11,Scotland
TD12,Scotland
TD13,Scotland
TD14,Scotland
TD15,Scotland
ZE1,Scotland
ZE2,Scotland
ZE3,Scotland
BT1,Northern Ireland
BT2,Northern Ireland
BT3,Northern Ireland
BT4,Northern Ireland
BT5,Northern Ireland
BT6,Northern Ireland
BT7,Northern Ireland
BT8,Northern Ireland
BT9,Northern Ireland
BT10,Northern Ireland
BT11,Northern Ireland
BT12,Northern Ireland
BT13,Northern Ireland
BT14,Northern Ireland
BT15,Northern Ireland
BT16,Northern Ireland
BT17,Northern Ireland
BT18,Northern Ireland
BT19,Northern Ireland
BT20,Northern Ireland
BT21,Northern Ireland
BT22,Northern Ireland
BT23,Northern Ireland
BT24,Northern Ireland
BT25,Northern Ireland
BT26,Northern Ireland
BT27,Northern Ireland
BT28,Northern Ireland
BT29,Northern Ireland
BT30,Northern Ireland
BT31,Northern Ireland
BT32,Northern Ireland
BT33,Northern Ireland
BT34,Northern Ireland
BT35,Northern Ireland
BT36,Northern Ireland
BT37,Northern Ireland
BT38,Northern Ireland
BT39,Northern Ireland
BT40,Northern Ireland
BT41,Northern Ireland
BT42,Northern Ireland
BT43,Northern Ireland
BT44,Northern Ireland
BT45,Northern Ireland
BT46,Northern Ireland
BT47,Northern Ireland
BT48,Northern Ireland
BT49,Northern Ireland
BT50,Northern Ireland
BT51,Northern Ireland
BT52,Northern Ireland
BT53,Northern Ireland
BT54,Northern Ireland
BT55,Northern Ireland
BT56,Northern Ireland
BT57,Northern Ireland
BT58,Northern Ireland
BT59,Northern Ireland
BT60,Northern Ireland
BT61,Northern Ireland
BT62,Northern Ireland
BT63,Northern Ireland
BT64,Northern Ireland
BT65,Northern Ireland
BT66,Northern Ireland
BT67,Northern Ireland
BT68,Northern Ireland
BT69,Northern Ireland
BT70,Northern Ireland
BT71,Northern Ireland
BT72,Northern Ireland
BT73,Northern Ireland
BT74,Northern Ireland
BT75,Northern Ireland
BT76,Northern Ireland
BT77,Northern Ireland
BT78,Northern Ireland
BT79,Northern Ireland
BT80,Northern Ireland
BT81,Northern Ireland
BT82,Northern Ireland
BT83,Northern Ireland
BT84,Northern Ireland
BT85,Northern Ireland
BT86,Northern Ireland
BT87,Northern Ireland
BT88,Northern Ireland
BT89,Northern Ireland
BT90,Northern Ireland
BT91,Northern Ireland
BT92,Northern Ireland
BT93,Northern Ireland
BT94,Northern Ireland
GY1,Channel Islands
GY2,Channel Islands
GY3,Channel Islands
GY4,Channel Islands
GY5,Channel Islands
GY6,Channel Islands
GY7,Channel Islands
GY8,Channel Islands
GY9,Channel Islands
GY10,Channel Islands
JE1,Channel Islands
JE2,Channel Islands
JE3,Channel Islands
JE4,Channel Islands
IM1,Isle of Man
IM2,Isle of Man
IM3,Isle of Man
IM4,Isle of Man
IM5,Isle of Man
IM6,Isle of Man
IM7,Isle of Man
IM8,Isle of Man
IM9,Isle of Man